-- phpMyAdmin SQL Dump
-- version 4.7.9
-- https://www.phpmyadmin.net/
--
-- Servidor: 127.0.0.1
-- Tiempo de generación: 30-08-2020 a las 01:55:37
-- Versión del servidor: 10.1.31-MariaDB
-- Versión de PHP: 7.2.3

SET SQL_MODE = "NO_AUTO_VALUE_ON_ZERO";
SET AUTOCOMMIT = 0;
START TRANSACTION;
SET time_zone = "+00:00";


/*!40101 SET @OLD_CHARACTER_SET_CLIENT=@@CHARACTER_SET_CLIENT */;
/*!40101 SET @OLD_CHARACTER_SET_RESULTS=@@CHARACTER_SET_RESULTS */;
/*!40101 SET @OLD_COLLATION_CONNECTION=@@COLLATION_CONNECTION */;
/*!40101 SET NAMES utf8mb4 */;

--
-- Base de datos: `inventario1`
--

-- --------------------------------------------------------

--
-- Estructura de tabla para la tabla `areadependencia`
--

CREATE TABLE `areadependencia` (
  `ADID` int(11) NOT NULL,
  `ADNOMBRE` mediumtext NOT NULL,
  `ADDESCRIPCION` mediumtext NOT NULL,
  `ADESTADO` smallint(6) NOT NULL
) ENGINE=InnoDB DEFAULT CHARSET=latin1;

--
-- Volcado de datos para la tabla `areadependencia`
--

INSERT INTO `areadependencia` (`ADID`, `ADNOMBRE`, `ADDESCRIPCION`, `ADESTADO`) VALUES
(1, 'Electrónica', 'Área de Electrónica', 1),
(2, 'Sistemas', '', 1),
(3, 'Primaria', '', 1),
(4, 'Secundaria', '', 1),
(5, 'Fisica', '', 1);

-- --------------------------------------------------------

--
-- Estructura de tabla para la tabla `color`
--

CREATE TABLE `color` (
  `COLID` int(11) NOT NULL,
  `COLNOMBRE` mediumtext,
  `COLDESCRIPCION` mediumtext,
  `COLESTADO` smallint(6) DEFAULT NULL
) ENGINE=InnoDB DEFAULT CHARSET=latin1;

--
-- Volcado de datos para la tabla `color`
--

INSERT INTO `color` (`COLID`, `COLNOMBRE`, `COLDESCRIPCION`, `COLESTADO`) VALUES
(1, 'Negro', 'COLDESCRIPCION', 1),
(2, 'Azul', 'COLDESCRIPCION', 1),
(3, 'Verde', 'COLDESCRIPCION', 1),
(4, 'Blanco', 'COLDESCRIPCION', 1),
(5, 'Gris', 'COLDESCRIPCION', 1),
(6, 'No aplica', NULL, 1);

-- --------------------------------------------------------

--
-- Estructura de tabla para la tabla `cuentacontable`
--

CREATE TABLE `cuentacontable` (
  `CCID` int(11) NOT NULL,
  `CCNOMBRE` mediumtext,
  `CCDESCRIPCION` mediumtext,
  `CCCODIGOCUENTACONTABLE` mediumtext,
  `CCESTADO` smallint(6) DEFAULT NULL
) ENGINE=InnoDB DEFAULT CHARSET=latin1;

--
-- Volcado de datos para la tabla `cuentacontable`
--

INSERT INTO `cuentacontable` (`CCID`, `CCNOMBRE`, `CCDESCRIPCION`, `CCCODIGOCUENTACONTABLE`, `CCESTADO`) VALUES
(1, 'Cuenta Contable 1', 'Descripción Cuenta Contable', '1000000000001', 1),
(2, 'Cuenta Contable 2', 'Descripción Cuenta Contable', '1000000000002', 1),
(3, 'Cuenta Contable 3', 'Descripción Cuenta Contable', '1000000000003', 1),
(4, 'Cuenta Contable 4', 'Descripción Cuenta Contable', '1000000000004', 1),
(5, 'Cuenta Contable 5', 'Descripción Cuenta Contable', '1000000000005', 1),
(6, 'Cuenta Contable 6', 'Descripción Cuenta Contable', '1000000000006', 0),
(7, 'No aplica', 'Esta opción aplica para los bienes que no necesitan de esta característica.', 'Esta opción aplica para los bienes que no necesitan de esta característica.', 1);

-- --------------------------------------------------------

--
-- Estructura de tabla para la tabla `documentoinventario`
--

CREATE TABLE `documentoinventario` (
  `DIID` int(11) NOT NULL,
  `DIFECHA` timestamp NOT NULL DEFAULT CURRENT_TIMESTAMP ON UPDATE CURRENT_TIMESTAMP,
  `DIARCHIVOIMPORTADO` mediumtext NOT NULL,
  `DITESTADO` smallint(6) NOT NULL
) ENGINE=InnoDB DEFAULT CHARSET=latin1;

-- --------------------------------------------------------

--
-- Estructura de tabla para la tabla `equipoinventariado`
--

CREATE TABLE `equipoinventariado` (
  `EIID` int(11) NOT NULL,
  `DIID` int(11) DEFAULT NULL,
  `EITYPE` char(3) NOT NULL,
  `EIEVIDENTIFIER` varchar(255) NOT NULL,
  `EISIGNAL` decimal(10,0) NOT NULL,
  `EISEENCOUNT` int(11) NOT NULL,
  `EIFIRSTSEEN` mediumtext NOT NULL,
  `EILASTSEEN` mediumtext NOT NULL,
  `EIASCII` varchar(255) NOT NULL,
  `EIESTADO` smallint(6) NOT NULL
) ENGINE=InnoDB DEFAULT CHARSET=latin1;

-- --------------------------------------------------------

--
-- Estructura de tabla para la tabla `estado`
--

CREATE TABLE `estado` (
  `ESTID` int(11) NOT NULL,
  `ESTNOMBRE` mediumtext NOT NULL,
  `ESTESTADO` smallint(6) NOT NULL
) ENGINE=InnoDB DEFAULT CHARSET=latin1;

--
-- Volcado de datos para la tabla `estado`
--

INSERT INTO `estado` (`ESTID`, `ESTNOMBRE`, `ESTESTADO`) VALUES
(1, 'Bueno', 1),
(2, 'Malo', 1),
(3, 'Excelente', 1),
(4, 'Maltratado', 1),
(5, 'No funciona', 1),
(6, 'Regular', 1),
(7, 'No aplica', 1);

-- --------------------------------------------------------

--
-- Estructura de tabla para la tabla `inventario`
--

CREATE TABLE `inventario` (
  `INDID` int(11) NOT NULL,
  `MUEID` int(11) DEFAULT NULL,
  `INVFECHAINVENTARI` date NOT NULL,
  `INVCODIGOETIQUETA` mediumtext NOT NULL,
  `INVCAMPO1` mediumtext NOT NULL,
  `INVESTADO` smallint(6) NOT NULL
) ENGINE=InnoDB DEFAULT CHARSET=latin1;

-- --------------------------------------------------------

--
-- Estructura de tabla para la tabla `marca`
--

CREATE TABLE `marca` (
  `MARID` int(11) NOT NULL,
  `MARNOMBRE` mediumtext,
  `MARDESCRIPCION` mediumtext,
  `MARESTADO` smallint(6) DEFAULT NULL
) ENGINE=InnoDB DEFAULT CHARSET=latin1;

--
-- Volcado de datos para la tabla `marca`
--

INSERT INTO `marca` (`MARID`, `MARNOMBRE`, `MARDESCRIPCION`, `MARESTADO`) VALUES
(1, 'Pionner', 'Descripción de la marca', 1),
(2, 'Sony', 'Descripción de la marca', 1),
(3, 'HUAWEI', 'Descripción de la marca', 1),
(4, 'AIWA', 'Descripción de la marca', 1),
(5, 'GoldStar', 'Descripción de la marca', 1),
(6, 'Marca 1', 'Descripción de la marca', 0),
(8, 'No aplica', 'Esta opción aplica para los bienes que no necesitan de esta característica.', 1);

-- --------------------------------------------------------

--
-- Estructura de tabla para la tabla `mueble`
--

CREATE TABLE `mueble` (
  `MUEID` int(11) NOT NULL,
  `CCID` int(11) DEFAULT NULL,
  `TMID` int(11) DEFAULT NULL,
  `ESTID` int(11) DEFAULT NULL,
  `MARID` int(11) DEFAULT NULL,
  `COLID` int(11) DEFAULT NULL,
  `USUXUBIID` int(11) DEFAULT NULL,
  `MUECODIGOETIQUETA` mediumtext,
  `MUEDESCRIPCION` mediumtext,
  `MUESERIE` mediumtext,
  `MUEFECHACOMPRA` date DEFAULT NULL,
  `MUEFECHAFABRICACION` date DEFAULT NULL,
  `MUEFECHAEXPIRACION` date DEFAULT NULL,
  `MUEFD` mediumtext,
  `MUEFO` mediumtext,
  `MUEVALORNUEVO` decimal(10,2) DEFAULT NULL,
  `MUEVALORCOMERCIAL` decimal(10,2) DEFAULT NULL,
  `MUEVALORREMANENTE` decimal(10,2) DEFAULT NULL,
  `MUECANTIDAD` decimal(10,0) DEFAULT NULL,
  `MUEVALORUNITARIO` decimal(10,2) DEFAULT NULL,
  `MUEVALORTOTAL` decimal(10,2) DEFAULT NULL,
  `MUEESTADO` smallint(6) NOT NULL
) ENGINE=InnoDB DEFAULT CHARSET=latin1;

--
-- Volcado de datos para la tabla `mueble`
--

INSERT INTO `mueble` (`MUEID`, `CCID`, `TMID`, `ESTID`, `MARID`, `COLID`, `USUXUBIID`, `MUECODIGOETIQUETA`, `MUEDESCRIPCION`, `MUESERIE`, `MUEFECHACOMPRA`, `MUEFECHAFABRICACION`, `MUEFECHAEXPIRACION`, `MUEFD`, `MUEFO`, `MUEVALORNUEVO`, `MUEVALORCOMERCIAL`, `MUEVALORREMANENTE`, `MUECANTIDAD`, `MUEVALORUNITARIO`, `MUEVALORTOTAL`, `MUEESTADO`) VALUES
(151, 1, 1, 1, 1, 1, 1, '300833B2DDD9014000000000', 'Infocus', 'Q737QIA38', '0000-00-00', '0000-00-00', '0000-00-00', 'MUEFD', 'MUEFO', '1588.00', '1528.00', '50.00', '1', '1588.00', '1588.00', 0),
(152, 1, 1, 1, 1, 1, 1, '300833B2DDD9014000000001', 'PROYECTOR EPSON HOMECINEMA 760HD HD WXGA, 3300 LUMENES, WIFI OPC, HDMI, 3LCD, BLANCO', 'Y954BXF48', '0000-00-00', '0000-00-00', '0000-00-00', 'MUEFD', 'MUEFO', '1038.00', '2210.00', '50.00', '1', '1038.00', '1038.00', 1),
(153, 2, 2, 2, 2, 2, 6, '300833B2DDD9014000000002', 'PROYECTOR EPSON POWER LITE 109W WXGA 3LCD 4000LUM.', 'L115KCG33', '0000-00-00', '0000-00-00', '0000-00-00', 'MUEFD', 'MUEFO', '1122.00', '1638.00', '50.00', '2', '1122.00', '2244.00', 1),
(154, 3, 3, 3, 3, 3, 3, '300833B2DDD9014000000003', 'PROYECTOR EPSON POWERLITE 108 XGA, 3700 LUMENES, WIFI OPC, RJ45, 3LCD, BLANCO', 'L644ETG5', '0000-00-00', '0000-00-00', '0000-00-00', 'MUEFD', 'MUEFO', '2197.00', '419.00', '50.00', '3', '2197.00', '6591.00', 1),
(155, 4, 1, 4, 4, 4, 7, '300833B2DDD9014000000004', 'PROYECTOR EPSON POWERLITE 1785W WXGA, 3200 LUMENES, WIFI, HDMI MHL, 3LCD, BLANCO', 'V888DMK83', '0000-00-00', '0000-00-00', '0000-00-00', 'MUEFD', 'MUEFO', '2377.00', '797.00', '50.00', '4', '2377.00', '9508.00', 1),
(156, 5, 2, 5, 5, 5, 6, '300833B2DDD9014000000005', 'PROYECTOR EPSON POWERLITE 1795F 1080P, 3200 LUMENES, WIFI, HDMI MHL, 3LCD, BLANCO', 'R410YMV1', '0000-00-00', '0000-00-00', '0000-00-00', 'MUEFD', 'MUEFO', '1391.00', '201.00', '50.00', '5', '1391.00', '6955.00', 1),
(157, 6, 3, 6, 6, 1, 9, '300833B2DDD9014000000006', 'PROYECTOR EPSON POWERLITE 2255U WUXGA, 5000 LUMENES, WIFI, RJ45, 3LCD, BLANCO', 'C619FVX10', '0000-00-00', '0000-00-00', '0000-00-00', 'MUEFD', 'MUEFO', '1536.00', '1742.00', '50.00', '1', '1536.00', '1536.00', 1),
(158, 1, 1, 1, 1, 2, 4, '300833B2DDD9014000000007', 'PROYECTOR EPSON POWERLITE L500W WXGA, 5000 LUMENES, WIFI OPC, RJ45, 3LCD LASER, BLANCO', 'K587DFQ77', '0000-00-00', '0000-00-00', '0000-00-00', 'MUEFD', 'MUEFO', '435.00', '1864.00', '50.00', '2', '435.00', '870.00', 1),
(159, 2, 2, 2, 2, 3, 5, '300833B2DDD9014000000008', 'PROYECTOR EPSON POWERLITE L615U WUXGA, 6000 LUMENES, WIFI OPC, HD BASE T, 3LCD LASER, NEGRO', 'O620QKP85', '0000-00-00', '0000-00-00', '0000-00-00', 'MUEFD', 'MUEFO', '597.00', '1015.00', '50.00', '3', '597.00', '1791.00', 1),
(160, 3, 3, 3, 3, 4, 6, '300833B2DDD9014000000009', 'PROYECTOR EPSON POWERLITE PRO G7100 C/LENTE ESTANDAR XGA, 6500 LUMENES, WIFI OPC, HD BASET, 3LCD, BL', 'B949FMT64', '0000-00-00', '0000-00-00', '0000-00-00', 'MUEFD', 'MUEFO', '1331.00', '160.00', '50.00', '4', '1331.00', '5324.00', 1),
(161, 4, 1, 4, 4, 5, 10, '300833B2DDD9014000000010', 'PROYECTOR EPSON POWERLITE S39 SVGA, 3300 LUMENES, WIFI OPC, HDMI 2 PCI, 3LCD, BLANCO', 'D140ZPW50', '0000-00-00', '0000-00-00', '0000-00-00', 'MUEFD', 'MUEFO', '2190.00', '158.00', '50.00', '5', '2190.00', '10950.00', 1),
(162, 5, 2, 5, 5, 1, 11, '300833B2DDD9014000000011', 'PROYECTOR EPSON POWERLITE S41 SVGA, 3300 LUMENES, WIFI OPC, HDMI PCI, 3LCD, BLANCO', 'E769FFF6', '0000-00-00', '0000-00-00', '0000-00-00', 'MUEFD', 'MUEFO', '1339.00', '803.00', '50.00', '1', '1339.00', '1339.00', 1),
(163, 6, 3, 6, 6, 2, 12, '300833B2DDD9014000000012', 'PROYECTOR EPSON POWERLITE U42+ WUXGA, 3600 LUMENES, WIFI, 2HDMI, 3LCD, NEGRO', 'M327SHK8', '0000-00-00', '0000-00-00', '0000-00-00', 'MUEFD', 'MUEFO', '410.00', '597.00', '50.00', '2', '410.00', '820.00', 1),
(164, 1, 1, 1, 1, 3, 1, '300833B2DDD9014000000013', 'Mouse Logitech M170 Wireless Optico USB Gris', 'V219FAX97', '0000-00-00', '0000-00-00', '0000-00-00', 'MUEFD', 'MUEFO', '156.00', '796.00', '50.00', '3', '156.00', '468.00', 1),
(165, 2, 2, 2, 2, 4, 6, '300833B2DDD9014000000014', 'Mouse Logitech M170 Wireless Optico USB Red', 'R997CEF47', '0000-00-00', '0000-00-00', '0000-00-00', 'MUEFD', 'MUEFO', '928.00', '1586.00', '50.00', '4', '928.00', '3712.00', 1),
(166, 3, 3, 3, 3, 5, 3, '300833B2DDD9014000000015', 'Mouse Logitech M185 Wireless Opticial RED USB 1000Dpi BLUE', 'A842XGC58', '0000-00-00', '0000-00-00', '0000-00-00', 'MUEFD', 'MUEFO', '898.00', '1279.00', '50.00', '5', '898.00', '4490.00', 1),
(167, 4, 1, 4, 4, 1, 7, '300833B2DDD9014000000016', 'Mouse Logitech M185 Wireless Opticial RED USB 1000Dpi RED', 'V139DHS98', '0000-00-00', '0000-00-00', '0000-00-00', 'MUEFD', 'MUEFO', '1560.00', '1658.00', '50.00', '1', '1560.00', '1560.00', 1),
(168, 5, 2, 5, 5, 2, 6, '300833B2DDD9014000000017', 'Mouse Logitech M185 Wireless USB Black-Silver', 'X188NEN46', '0000-00-00', '0000-00-00', '0000-00-00', 'MUEFD', 'MUEFO', '2259.00', '1399.00', '50.00', '2', '2259.00', '4518.00', 1),
(169, 6, 3, 6, 6, 3, 9, '300833B2DDD9014000000018', 'Mouse Logitech M187 Mini Wireless Banana', 'Y841WBD96', '0000-00-00', '0000-00-00', '0000-00-00', 'MUEFD', 'MUEFO', '736.00', '1016.00', '50.00', '3', '736.00', '2208.00', 1),
(170, 1, 1, 1, 1, 4, 4, '300833B2DDD9014000000019', 'Mouse Logitech M187 Mini Wireless Light Blue', 'Z133WZE9', '0000-00-00', '0000-00-00', '0000-00-00', 'MUEFD', 'MUEFO', '2469.00', '2110.00', '50.00', '4', '2469.00', '9876.00', 1),
(171, 2, 2, 2, 2, 5, 5, '300833B2DDD9014000000020', 'COP.  APPLE iMac Intel Core I5 8GB 1TB 21.5Inc. Retina Display Cam. Wifi  AIO. iOS Sierra Plateado', 'N164QEJ38', '0000-00-00', '0000-00-00', '0000-00-00', 'MUEFD', 'MUEFO', '1573.00', '1341.00', '50.00', '5', '1573.00', '7865.00', 1),
(172, 3, 3, 3, 3, 1, 6, '300833B2DDD9014000000021', 'COP. APPLE iMac Intel Core I5 8GB 2TB 27\" Cam. Wifi AIO. iOS Plateado Retina Display', 'O825WBA94', '0000-00-00', '0000-00-00', '0000-00-00', 'MUEFD', 'MUEFO', '1467.00', '1371.00', '50.00', '1', '1467.00', '1467.00', 1),
(173, 4, 1, 4, 4, 2, 10, '300833B2DDD9014000000022', 'COP. DELL AIO INSPIRON TOUCH 3477 I5-7200U 4GB 1TB 23.8Inc. HDMI BT W10-64B Black', 'Z731ZAH67', '0000-00-00', '0000-00-00', '0000-00-00', 'MUEFD', 'MUEFO', '2287.00', '1905.00', '50.00', '2', '2287.00', '4574.00', 1),
(174, 5, 2, 5, 5, 3, 11, '300833B2DDD9014000000023', 'COP. DELL AIO TOUCH INSPIRON 3477 I7-7500U 12GB 1TB 23.8Inc. W10-64B Black', 'W628ZKW77', '0000-00-00', '0000-00-00', '0000-00-00', 'MUEFD', 'MUEFO', '2064.00', '2042.00', '50.00', '3', '2064.00', '6192.00', 1),
(175, 6, 3, 6, 6, 4, 12, '300833B2DDD9014000000024', 'COP. DELL OPTIPLEX 3050 AIO I5-7500T 8GB 1TB 19.5Inc. DW W10-PRO BLACK', 'D578BCI88', '0000-00-00', '0000-00-00', '0000-00-00', 'MUEFD', 'MUEFO', '862.00', '2341.00', '50.00', '4', '862.00', '3448.00', 1),
(176, 1, 1, 1, 1, 5, 1, '300833B2DDD9014000000025', 'COP. DELL OPTIPLEX 3060 I3-8100U 4GB 1TB DW WIN10-PRO SFF Black', 'G683XXF70', '0000-00-00', '0000-00-00', '0000-00-00', 'MUEFD', 'MUEFO', '230.00', '2100.00', '50.00', '5', '230.00', '1150.00', 1),
(177, 2, 2, 2, 2, 1, 6, '300833B2DDD9014000000026', 'COP. DELL OPTIPLEX 3060 I5-8400 4GB 1TB W10-PRO BLACK SSF', 'K315LPB93', '0000-00-00', '0000-00-00', '0000-00-00', 'MUEFD', 'MUEFO', '2149.00', '2176.00', '50.00', '1', '2149.00', '2149.00', 1),
(178, 3, 3, 3, 3, 2, 3, '300833B2DDD9014000000027', 'COP. DELL OPTIPLEX 3060 I5-8400 8GB 1TB W10-PRO BLACK SSF', 'H250MZA53', '0000-00-00', '0000-00-00', '0000-00-00', 'MUEFD', 'MUEFO', '2064.00', '1451.00', '50.00', '2', '2064.00', '4128.00', 1),
(179, 4, 1, 4, 4, 3, 7, '300833B2DDD9014000000028', 'COP. DELL OPTIPLEX 7060 I5-8500 8GB 1TB DVD WIN10-PRO SFF', 'I420BVI10', '0000-00-00', '0000-00-00', '0000-00-00', 'MUEFD', 'MUEFO', '478.00', '573.00', '50.00', '3', '478.00', '1434.00', 1),
(180, 5, 2, 5, 5, 4, 6, '300833B2DDD9014000000029', 'COP. DELL OPTIPLEX 7060 I7-8700 8GB 1TB DVD WIN10-PRO SFF', 'F147WYU5', '0000-00-00', '0000-00-00', '0000-00-00', 'MUEFD', 'MUEFO', '820.00', '280.00', '50.00', '4', '820.00', '3280.00', 1),
(181, 6, 3, 6, 6, 5, 9, '300833B2DDD9014000000030', 'COP. DELL VOSTRO 3268 I7-7700 8GB 1TB HDMI 3USB WIN-10 PRO SFF', 'R599CFP52', '0000-00-00', '0000-00-00', '0000-00-00', 'MUEFD', 'MUEFO', '1131.00', '701.00', '50.00', '5', '1131.00', '5655.00', 1),
(182, 1, 1, 1, 1, 1, 4, '300833B2DDD9014000000031', 'COP. HP AIO 22-c000la AMD A6-9225 4GB 1TB 21.5Inc HDMI DW SD 2M.2 WIN10-64 Black', 'T655QNU19', '0000-00-00', '0000-00-00', '0000-00-00', 'MUEFD', 'MUEFO', '2066.00', '1879.00', '50.00', '1', '2066.00', '2066.00', 1),
(183, 2, 2, 2, 2, 2, 5, '300833B2DDD9014000000032', 'COP. HP AIO 22-c014la I3-8130 4GB 1TB 21.5Inc HDMI SD 2M.2 WIN10-64 Black', 'D234OST51', '0000-00-00', '0000-00-00', '0000-00-00', 'MUEFD', 'MUEFO', '744.00', '1367.00', '50.00', '2', '744.00', '1488.00', 1),
(184, 3, 3, 3, 3, 3, 6, '300833B2DDD9014000000033', 'COP. HP AIO 22-c015la I3-8130U 4GB 1TB 21.5Inc DW HDMI SD 2M.2 WIN10-64 White', 'X115WEE90', '0000-00-00', '0000-00-00', '0000-00-00', 'MUEFD', 'MUEFO', '256.00', '2286.00', '50.00', '3', '256.00', '768.00', 1),
(185, 4, 1, 4, 4, 4, 10, '300833B2DDD9014000000034', 'COP. HP EliteDesk 800 G4 I7-8700 16GB 2TB DW 4USB SFF W10-Pr', 'M827FDK85', '0000-00-00', '0000-00-00', '0000-00-00', 'MUEFD', 'MUEFO', '1568.00', '848.00', '50.00', '4', '1568.00', '6272.00', 1),
(186, 5, 2, 5, 5, 5, 11, '300833B2DDD9014000000035', 'COP. HP Pavilion 24-r006LA AIO AMD DC A9-9430 6GB 1TB 23.8Inc. DW HDMI 4USB W10-64B White', 'C365FHS46', '0000-00-00', '0000-00-00', '0000-00-00', 'MUEFD', 'MUEFO', '669.00', '1927.00', '50.00', '5', '669.00', '3345.00', 1),
(187, 6, 3, 6, 6, 1, 12, '300833B2DDD9014000000036', 'COP. HP ProDesk 400 G4 I5-7500 4GB 500GB DW 4USB2.0 2USB3.1 MT W10-Pro', 'O683GMS74', '0000-00-00', '0000-00-00', '0000-00-00', 'MUEFD', 'MUEFO', '1636.00', '1690.00', '50.00', '1', '1636.00', '1636.00', 1),
(188, 1, 1, 1, 1, 2, 1, '300833B2DDD9014000000037', 'PROYECTOR BENQ GS1 LED Portable for Outdoor Famlily White', 'H119TMA89', '0000-00-00', '0000-00-00', '0000-00-00', 'MUEFD', 'MUEFO', '960.00', '1222.00', '50.00', '2', '960.00', '1920.00', 1),
(189, 2, 2, 2, 2, 3, 6, '300833B2DDD9014000000038', 'PROYECTOR BENQ MH534 1080p 3300Al DLP 2HDMI 2D-Sub 1RCA 1USB 1RS232 1IR', 'T812GXW14', '0000-00-00', '0000-00-00', '0000-00-00', 'MUEFD', 'MUEFO', '2000.00', '2283.00', '50.00', '3', '2000.00', '6000.00', 1),
(190, 3, 3, 3, 3, 4, 3, '300833B2DDD9014000000039', 'PROYECTOR BENQ MMW820ST VGA 3000LUM WXGA HD  1280-800  DLP', 'K936JST36', '0000-00-00', '0000-00-00', '0000-00-00', 'MUEFD', 'MUEFO', '804.00', '2157.00', '50.00', '4', '804.00', '3216.00', 1),
(191, 4, 1, 4, 4, 5, 7, '300833B2DDD9014000000040', 'PROYECTOR BENQ MS550 DLP SVGA 800X600 3600LUM. 2HDMI VGA S-VIDEO USB BOCINA 2W', 'B802QHM89', '0000-00-00', '0000-00-00', '0000-00-00', 'MUEFD', 'MUEFO', '841.00', '1589.00', '50.00', '5', '841.00', '4205.00', 1),
(192, 5, 2, 5, 5, 1, 6, '300833B2DDD9014000000041', 'PROYECTOR BENQ MX532 DLP XGA 3300LUM 1024X768 WHITE', 'U404VDY96', '0000-00-00', '0000-00-00', '0000-00-00', 'MUEFD', 'MUEFO', '1981.00', '2098.00', '50.00', '1', '1981.00', '1981.00', 1),
(193, 6, 3, 6, 6, 2, 9, '300833B2DDD9014000000042', 'PROYECTOR BENQ MX550 DLP XGA 3600LUM HDMI 1920X1200 WHITE', 'N167PWK60', '0000-00-00', '0000-00-00', '0000-00-00', 'MUEFD', 'MUEFO', '2024.00', '1981.00', '50.00', '2', '2024.00', '4048.00', 1),
(194, 1, 1, 1, 1, 3, 4, '300833B2DDD9014000000043', 'PROYECTOR EPSON BRIGHTLINK 695WI+ WXGA, 3500 LUMENES, WIFI OPC, MONTAJE, 3LCD LASER, BLANCO', 'I659OBM68', '0000-00-00', '0000-00-00', '0000-00-00', 'MUEFD', 'MUEFO', '1761.00', '1069.00', '50.00', '3', '1761.00', '5283.00', 1),
(195, 2, 2, 2, 2, 4, 5, '300833B2DDD9014000000044', 'PROYECTOR EPSON BRIGHTLINK PRO 1470UI FULL HD WUXGA, 4000 LUMENES, WIFI , MONTAJE, 3LCD LASER, BLANC', 'I980LMH82', '0000-00-00', '0000-00-00', '0000-00-00', 'MUEFD', 'MUEFO', '1776.00', '2256.00', '50.00', '4', '1776.00', '7104.00', 1),
(196, 3, 3, 3, 3, 5, 6, '300833B2DDD9014000000045', 'CAMARA DLINK DCS-2132L INTERNET WIRELESS', 'I968MLX26', '0000-00-00', '0000-00-00', '0000-00-00', 'MUEFD', 'MUEFO', '591.00', '728.00', '50.00', '5', '591.00', '2955.00', 1),
(197, 4, 1, 4, 4, 1, 10, '300833B2DDD9014000000046', 'CAMARA DLINK DCS-2530L Wide Eye Full HD 180 grados Panoramica', 'Q511OHM58', '0000-00-00', '0000-00-00', '0000-00-00', 'MUEFD', 'MUEFO', '1416.00', '887.00', '50.00', '1', '1416.00', '1416.00', 1),
(198, 5, 2, 5, 5, 2, 11, '300833B2DDD9014000000047', 'CAMARA DLINK DCS-5000L WIFI PAN TILT Day Night', 'H455MSF12', '0000-00-00', '0000-00-00', '0000-00-00', 'MUEFD', 'MUEFO', '264.00', '1913.00', '50.00', '2', '264.00', '528.00', 1),
(199, 6, 3, 6, 6, 3, 12, '300833B2DDD9014000000048', 'CAMARA DLINK DCS-5020L Wireless N Day & Night Pan-Tilt Cloud', 'Q343IJR87', '0000-00-00', '0000-00-00', '0000-00-00', 'MUEFD', 'MUEFO', '976.00', '1660.00', '50.00', '3', '976.00', '2928.00', 1),
(200, 1, 1, 1, 1, 4, 1, '300833B2DDD9014000000049', 'CAMARA DLINK DCS-7010L IP Outdoor PoE Infrarojo MicroSD HD', 'Z731WIU45', '0000-00-00', '0000-00-00', '0000-00-00', 'MUEFD', 'MUEFO', '2012.00', '2372.00', '50.00', '4', '2012.00', '8048.00', 1),
(201, 2, 2, 2, 2, 5, 6, '300833B2DDD9014000000050', 'CAMARA DLINK DCS-8010LH VISION NOCT. HD 720p ACC. REMOTO', 'H778DPC30', '0000-00-00', '0000-00-00', '0000-00-00', 'MUEFD', 'MUEFO', '1790.00', '1302.00', '50.00', '5', '1790.00', '8950.00', 1),
(202, 3, 3, 3, 3, 1, 3, '300833B2DDD9014000000051', 'CAMARA DLINK DCS-931L INTERNET WIRELESS-ROUTER', 'Z593IES35', '0000-00-00', '0000-00-00', '0000-00-00', 'MUEFD', 'MUEFO', '1783.00', '1940.00', '50.00', '1', '1783.00', '1783.00', 1),
(203, 4, 1, 4, 4, 2, 7, '300833B2DDD9014000000052', 'CAMARA DLINK DCS-936L HD WI-FI', 'J116EJI22', '0000-00-00', '0000-00-00', '0000-00-00', 'MUEFD', 'MUEFO', '1097.00', '1702.00', '50.00', '2', '1097.00', '2194.00', 1),
(204, 5, 2, 5, 5, 3, 6, '300833B2DDD9014000000053', 'CONFERENCE-CAM LOGITECH FULL-HD PARA GRUPO HASTA 20PERSONAS BT USB MIC BLACK', 'H124QNM84', '0000-00-00', '0000-00-00', '0000-00-00', 'MUEFD', 'MUEFO', '1917.00', '616.00', '50.00', '3', '1917.00', '5751.00', 1),
(205, 6, 3, 6, 6, 4, 9, '300833B2DDD9014000000054', 'NOT. APPLE MacBook Air I5 8GB 256GB 13Inc Gold', 'V903HMY14', '0000-00-00', '0000-00-00', '0000-00-00', 'MUEFD', 'MUEFO', '1769.00', '900.00', '50.00', '4', '1769.00', '7076.00', 1),
(206, 1, 1, 1, 1, 5, 4, '300833B2DDD9014000000055', 'NOT. APPLE MacBook Air I5 8GB 256GB-SSD 13Inc Gris', 'E762YXU61', '0000-00-00', '0000-00-00', '0000-00-00', 'MUEFD', 'MUEFO', '779.00', '1618.00', '50.00', '5', '779.00', '3895.00', 1),
(207, 2, 2, 2, 2, 1, 5, '300833B2DDD9014000000056', 'NOT. APPLE MacBook Pro Touch Bar  I5 8GB 256GB 13Inc OS High Sierra Space Gray', 'P629SZJ71', '0000-00-00', '0000-00-00', '0000-00-00', 'MUEFD', 'MUEFO', '1263.00', '2057.00', '50.00', '1', '1263.00', '1263.00', 1),
(208, 3, 3, 3, 3, 2, 6, '300833B2DDD9014000000057', 'NOT. APPLE MacBook Pro Touch Bar  I5 8GB 512GB 13.3Inc OS Mojave Space Gray', 'K513PWU2', '0000-00-00', '0000-00-00', '0000-00-00', 'MUEFD', 'MUEFO', '812.00', '1198.00', '50.00', '2', '812.00', '1624.00', 1),
(209, 4, 1, 4, 4, 3, 10, '300833B2DDD9014000000058', 'NOT. APPLE MacBook Pro Touch Bar  I7 8va. 16GB 512GB 15.4Inc OS High Space Gray', 'J798OGA2', '0000-00-00', '0000-00-00', '0000-00-00', 'MUEFD', 'MUEFO', '2040.00', '1859.00', '50.00', '3', '2040.00', '6120.00', 1),
(210, 5, 2, 5, 5, 4, 11, '300833B2DDD9014000000059', 'NOT. DELL ALIENWARE 15 R I7-8750H 16GB 256GB VID-8GB 15.6Inc. HDMI USB3.0 W10-64B', 'P815AAC62', '0000-00-00', '0000-00-00', '0000-00-00', 'MUEFD', 'MUEFO', '823.00', '1740.00', '50.00', '4', '823.00', '3292.00', 1),
(211, 6, 3, 6, 6, 5, 12, '300833B2DDD9014000000060', 'NOT. DELL INSPIRON 3467 I3-7020U 4GB 1TB 14Inc. DW HDMI 3USB BT UBUNTU BLACK', 'A411QNF63', '0000-00-00', '0000-00-00', '0000-00-00', 'MUEFD', 'MUEFO', '2011.00', '509.00', '50.00', '5', '2011.00', '10055.00', 1),
(212, 1, 1, 1, 1, 1, 1, '300833B2DDD9014000000061', 'NOT. DELL Inspiron 3467 I3-7020U 4GB 1TB 14Inc. DW HDMI BT 3USB WIN10-64 Black', 'J427BLK92', '0000-00-00', '0000-00-00', '0000-00-00', 'MUEFD', 'MUEFO', '1860.00', '2114.00', '50.00', '1', '1860.00', '1860.00', 1),
(213, 2, 2, 2, 2, 2, 6, '300833B2DDD9014000000062', 'NOT. DELL INSPIRON 3467 I5-7200U 8GB 1TB 14Inc. DW HDMI BT 3USB W10-64B BLACK', 'T375GDN57', '0000-00-00', '0000-00-00', '0000-00-00', 'MUEFD', 'MUEFO', '2378.00', '1209.00', '50.00', '2', '2378.00', '4756.00', 1),
(214, 3, 3, 3, 3, 3, 3, '300833B2DDD9014000000063', 'NOT. DELL INSPIRON 3467 I5-7200U 8GB 1TB 14Inc. DW HDMI BT 3USB W10-64B BLACK', 'Q500UTU28', '0000-00-00', '0000-00-00', '0000-00-00', 'MUEFD', 'MUEFO', '1297.00', '686.00', '50.00', '3', '1297.00', '3891.00', 1),
(215, 4, 1, 4, 4, 4, 7, '300833B2DDD9014000000064', 'NOT. DELL Inspiron 3567 I3-7020U 4GB 1TB 15.6Inc. Ubuntu Black', 'B665CNH27', '0000-00-00', '0000-00-00', '0000-00-00', 'MUEFD', 'MUEFO', '265.00', '244.00', '50.00', '4', '265.00', '1060.00', 1),
(216, 5, 2, 5, 5, 5, 6, '300833B2DDD9014000000065', 'NOT. DELL INSPIRON 3579 GAMING I7-8750HQ 8GB 1TB-128SSD 15.6Inc. VID-4GB HDMI 2USB BT W10-64B BLACK', 'E704GKQ38', '0000-00-00', '0000-00-00', '0000-00-00', 'MUEFD', 'MUEFO', '1190.00', '1467.00', '50.00', '5', '1190.00', '5950.00', 1),
(217, 6, 3, 6, 6, 1, 9, '300833B2DDD9014000000066', 'NOT. DELL INSPIRON 5584 I7-8560U 8GB 2TB 15.6Inc. VID-4GB HDMI 3USB BT W10-64B SILVER', 'K847EXN7', '0000-00-00', '0000-00-00', '0000-00-00', 'MUEFD', 'MUEFO', '2479.00', '1445.00', '50.00', '1', '2479.00', '2479.00', 1),
(218, 1, 1, 1, 1, 2, 4, '300833B2DDD9014000000067', 'NOT. DELL INSPIRON TOUCH 5481 I5-8250U 8GB 1TB 14.0Inc. W10-64 SILVER', 'D182SGZ5', '0000-00-00', '0000-00-00', '0000-00-00', 'MUEFD', 'MUEFO', '725.00', '1672.00', '50.00', '2', '725.00', '1450.00', 1),
(219, 2, 2, 2, 2, 3, 5, '300833B2DDD9014000000068', 'NOT. DELL LATITUDE 3490 I5-7200U 8GB 1TB 14Inc. HDMI 3USB BT W10-PRO BLACK', 'S496JGN58', '0000-00-00', '0000-00-00', '0000-00-00', 'MUEFD', 'MUEFO', '2037.00', '1794.00', '50.00', '3', '2037.00', '6111.00', 1),
(220, 3, 3, 3, 3, 4, 6, '300833B2DDD9014000000069', 'NOT. DELL LATITUDE 3490 I7-8550U 8GB 1TB 14Inc. HDMI 3USB BT W10-PRO BLACK', 'F264LBR74', '0000-00-00', '0000-00-00', '0000-00-00', 'MUEFD', 'MUEFO', '1563.00', '730.00', '50.00', '4', '1563.00', '6252.00', 1),
(221, 4, 1, 4, 4, 5, 10, '300833B2DDD9014000000070', 'NOT. DELL LATITUDE 5490 I5-8250U 8GB 1TB 14Inc. HDMI 3USB BT W10-PRO BLACK', 'L111EMD25', '0000-00-00', '0000-00-00', '0000-00-00', 'MUEFD', 'MUEFO', '2181.00', '1259.00', '50.00', '5', '2181.00', '10905.00', 1),
(222, 5, 2, 5, 5, 1, 11, '300833B2DDD9014000000071', 'NOT. DELL LATITUDE 5490 I5-8520U 8GB 256GB-SDD 14Inc. HDMI 3USB BT W10-PRO BLACK', 'I996RJB31', '0000-00-00', '0000-00-00', '0000-00-00', 'MUEFD', 'MUEFO', '2292.00', '2013.00', '50.00', '1', '2292.00', '2292.00', 1),
(223, 6, 3, 6, 6, 2, 12, '300833B2DDD9014000000072', 'NOT. DELL LATITUDE 5490 I7-8650U 8GB 256GB-SDD 14Inc. HDMI 3USB BT W10-PRO BLACK', 'J520FQV6', '0000-00-00', '0000-00-00', '0000-00-00', 'MUEFD', 'MUEFO', '1460.00', '737.00', '50.00', '2', '1460.00', '2920.00', 1),
(224, 1, 1, 1, 1, 3, 1, '300833B2DDD9014000000073', 'NOT. DELL Latitude 7490 I5-8250U 8GB 256GB-M.2 14Pulg. W10-Pro Black', 'U507ZRA77', '0000-00-00', '0000-00-00', '0000-00-00', 'MUEFD', 'MUEFO', '1074.00', '782.00', '50.00', '3', '1074.00', '3222.00', 1),
(225, 2, 2, 2, 2, 4, 6, '300833B2DDD9014000000074', 'NOT. DELL Latitude 7490 I7-8650U 8GB 256GB-M.2 14Pulg. V-pro W10-Pro Black', 'A457BAA22', '0000-00-00', '0000-00-00', '0000-00-00', 'MUEFD', 'MUEFO', '863.00', '2132.00', '50.00', '4', '863.00', '3452.00', 1),
(226, 3, 3, 3, 3, 5, 3, '300833B2DDD9014000000075', 'NOT. DELL XPS 13-9365 TOUCH i5-8200Y 8GB 256GB-SSD 13.3Inc. W10-64B Silver', 'L497IES19', '0000-00-00', '0000-00-00', '0000-00-00', 'MUEFD', 'MUEFO', '2411.00', '1690.00', '50.00', '5', '2411.00', '12055.00', 1),
(227, 4, 1, 4, 4, 1, 7, '300833B2DDD9014000000076', 'NOT. HP 1-db0005la AMD A9-9425 12GB 1TB 15.6Inc. DW 2USB3.1 2USB2.0 SD HDMI  W10-64 Plata', 'T148BIE37', '0000-00-00', '0000-00-00', '0000-00-00', 'MUEFD', 'MUEFO', '1096.00', '335.00', '50.00', '1', '1096.00', '1096.00', 1),
(228, 5, 2, 5, 5, 2, 6, '300833B2DDD9014000000077', 'NOT. HP 14-bs011LA I3-6006U 4GB 1TB 14Inc DW HDMI WC VGA 2USB3.1 1USB2.0 UNB WHITE', 'R762MDC17', '0000-00-00', '0000-00-00', '0000-00-00', 'MUEFD', 'MUEFO', '1154.00', '1262.00', '50.00', '2', '1154.00', '2308.00', 1),
(229, 6, 3, 6, 6, 3, 9, '300833B2DDD9014000000078', 'NOT. HP 14-bs015la I5-7200U 8GB 1TB 14Inc DW HDMI VGA 2USB3.1 1USB2.0 UNB WHITE', 'A925SNF59', '0000-00-00', '0000-00-00', '0000-00-00', 'MUEFD', 'MUEFO', '675.00', '402.00', '50.00', '3', '675.00', '2025.00', 1),
(230, 1, 1, 1, 1, 4, 4, '300833B2DDD9014000000079', 'NOT. HP 14-ck0004la Intel Cel. N4000 4GB 500GB 14Pulg. 2USB3.1 1USB2.0 HDMI  W10-64 Blue', 'Q885RPF61', '0000-00-00', '0000-00-00', '0000-00-00', 'MUEFD', 'MUEFO', '878.00', '2380.00', '50.00', '4', '878.00', '3512.00', 1),
(231, 2, 2, 2, 2, 5, 5, '300833B2DDD9014000000080', 'NOT. HP 14-ck0010la I3-7020u 4GB 1TB 14Pulg. 2USB3.1 1USB2.0 HDMI  W10-64 Gris', 'D619PMT10', '0000-00-00', '0000-00-00', '0000-00-00', 'MUEFD', 'MUEFO', '1659.00', '1080.00', '50.00', '5', '1659.00', '8295.00', 1),
(232, 3, 3, 3, 3, 1, 6, '300833B2DDD9014000000081', 'NOT. HP 15-cm0005la AMD A6-9225 8GB 1TB 14Inc. BT HDMI  W10-64 Roja', 'Z685KAW66', '0000-00-00', '0000-00-00', '0000-00-00', 'MUEFD', 'MUEFO', '596.00', '1959.00', '50.00', '1', '596.00', '596.00', 1),
(233, 4, 1, 4, 4, 2, 10, '300833B2DDD9014000000082', 'NOT. HP 15-cw0003la PAVILION Ryzen5 - 2500U 8GB 1TB 15.6Pulg. 1USB3.1 2USB3.1 HDMI  W10-64 BLUE', 'V141GEP65', '0000-00-00', '0000-00-00', '0000-00-00', 'MUEFD', 'MUEFO', '685.00', '1604.00', '50.00', '2', '685.00', '1370.00', 1),
(234, 5, 2, 5, 5, 3, 11, '300833B2DDD9014000000083', 'NOT. HP 15-cw0004la PAVILION Ryzen5 - 2500U 16GB 1TB 15.6Pulg. 1USB3.1 2USB3.1 HDMI  W10-64 BLUE', 'B332VYE77', '0000-00-00', '0000-00-00', '0000-00-00', 'MUEFD', 'MUEFO', '2420.00', '930.00', '50.00', '3', '2420.00', '7260.00', 1),
(235, 6, 3, 6, 6, 4, 12, '300833B2DDD9014000000084', 'NOT. HP 15-da0015la I7-8550u 12GB 1TB 15.6Inc. 4GB-VID SD HDMI  W10-64 Plata', 'Q300UMC41', '0000-00-00', '0000-00-00', '0000-00-00', 'MUEFD', 'MUEFO', '421.00', '1458.00', '50.00', '4', '421.00', '1684.00', 1),
(236, 1, 1, 1, 1, 5, 1, '300833B2DDD9014000000085', 'NOT. HP EliteBook 840 G5 I5-8250U 8GB-SDRAM 256GB-SSD 14Inc HDMI WC WIN10-PRO Silver', 'K743NMW98', '0000-00-00', '0000-00-00', '0000-00-00', 'MUEFD', 'MUEFO', '398.00', '1297.00', '50.00', '5', '398.00', '1990.00', 1),
(237, 2, 2, 2, 2, 1, 6, '300833B2DDD9014000000086', 'NOT. HP EliteBook 840 G5 I7-8550U 8GB-SDRAM 512GB-SSD 14Inc HDMI WC WIN10-PRO Silver', 'J462RUB58', '0000-00-00', '0000-00-00', '0000-00-00', 'MUEFD', 'MUEFO', '592.00', '2123.00', '50.00', '1', '592.00', '592.00', 1),
(238, 3, 3, 3, 3, 2, 3, '300833B2DDD9014000000087', 'NOT. HP EliteBook 840r G4 I5-8250U 8GB 1TB 14Inc USB3.1-Type-C 2USB3.1 DP BT Win10 Silver', 'W867PSI17', '0000-00-00', '0000-00-00', '0000-00-00', 'MUEFD', 'MUEFO', '1242.00', '1486.00', '50.00', '2', '1242.00', '2484.00', 1),
(239, 4, 1, 4, 4, 3, 7, '300833B2DDD9014000000088', 'NOT. HP EliteBook 840r G4 I7-8550U 8GB 1TB 14Inc USB3.1-Type-C 2USB3.1 DP BT Win10 Silver', 'W856CIS24', '0000-00-00', '0000-00-00', '0000-00-00', 'MUEFD', 'MUEFO', '2414.00', '317.00', '50.00', '3', '2414.00', '7242.00', 1),
(240, 5, 2, 5, 5, 4, 6, '300833B2DDD9014000000089', 'NOT. HP EliteBook x360 1040 G5 I7-8550U 16GB 512GB-SSD VID-2GB Touch-14Inc. W10-PRO SILVER', 'X632FDV7', '0000-00-00', '0000-00-00', '0000-00-00', 'MUEFD', 'MUEFO', '150.00', '1204.00', '50.00', '4', '150.00', '600.00', 1),
(241, 6, 3, 6, 6, 5, 9, '300833B2DDD9014000000090', 'NOT. HP ENVY 13-ah0004la I7-8550U 8GB 256GB-SDD 13.3Inc. 1USB-C 2USB3.1 SD HDMI  W10-64 Plata', 'J648JJB40', '0000-00-00', '0000-00-00', '0000-00-00', 'MUEFD', 'MUEFO', '110.00', '104.00', '50.00', '5', '110.00', '550.00', 1),
(242, 1, 1, 1, 1, 1, 4, '300833B2DDD9014000000091', 'NOT. HP OMEN 15-dc0001la I5-8300H 8GB 1TB 15.6Inc. 4GB-VID SD HDMI  W10-64', 'B750LQZ60', '0000-00-00', '0000-00-00', '0000-00-00', 'MUEFD', 'MUEFO', '1245.00', '991.00', '50.00', '1', '1245.00', '1245.00', 1),
(243, 2, 2, 2, 2, 2, 5, '300833B2DDD9014000000092', 'NOT. HP OMEN 15-dc0005la I7-8750H 12GB 1TB 15.6Inc. 4GB-VID SD HDMI  W10-64', 'P215IXB11', '0000-00-00', '0000-00-00', '0000-00-00', 'MUEFD', 'MUEFO', '2215.00', '1166.00', '50.00', '2', '2215.00', '4430.00', 1),
(244, 3, 3, 3, 3, 3, 6, '300833B2DDD9014000000093', 'NOT. HP Pavilion 13-an0012LA I5-8265U 8GB 256-SSD 13.3Inc HDMI BT CM WIN10-64 Silver', 'G444QQV34', '0000-00-00', '0000-00-00', '0000-00-00', 'MUEFD', 'MUEFO', '2382.00', '161.00', '50.00', '3', '2382.00', '7146.00', 1),
(245, 4, 1, 4, 4, 4, 10, '300833B2DDD9014000000094', 'NOT. HP Pavillion x360 14-cd0003la I3-8130u 4GB 500GB 14Inc. 1USB-C 2USB3.1 SD HDMI  W10-64 Plata', 'W960KNY3', '0000-00-00', '0000-00-00', '0000-00-00', 'MUEFD', 'MUEFO', '1064.00', '1207.00', '50.00', '4', '1064.00', '4256.00', 1),
(246, 5, 2, 5, 5, 5, 11, '300833B2DDD9014000000095', 'NOT. HP ProBook 440 G5 I7-8550U 8GB-SDRAM 1TB 14Inc HDMI WC WIN10-PRO Silver', 'N621BWS55', '0000-00-00', '0000-00-00', '0000-00-00', 'MUEFD', 'MUEFO', '852.00', '367.00', '50.00', '5', '852.00', '4260.00', 1),
(247, 6, 3, 6, 6, 1, 12, '300833B2DDD9014000000096', 'NOT. HP Probook 440 G6 I5-8265U 8GB 1TB 14Inc. SD BT LAN HDMI 4USB W10-PRO', 'D890WUC45', '0000-00-00', '0000-00-00', '0000-00-00', 'MUEFD', 'MUEFO', '2136.00', '945.00', '50.00', '1', '2136.00', '2136.00', 1),
(248, 1, 1, 1, 1, 2, 1, '300833B2DDD9014000000098', 'NOT. HP Probook 450 G6 I5-8265U 8GB 1TB 15.6Inc. SD BT LAN HDMI 4USB W10-PRO', 'N290ORZ82', '0000-00-00', '0000-00-00', '0000-00-00', 'MUEFD', 'MUEFO', '252.00', '291.00', '50.00', '2', '252.00', '504.00', 1),
(249, 2, 2, 2, 2, 3, 6, '300833B2DDD9014000000099', 'NOT. HP Probook 640 G4 I5-8250U 8GB 1TB 14Inc HDMI  Win10-PRO64 Silver', 'Q803UCX32', '0000-00-00', '0000-00-00', '0000-00-00', 'MUEFD', 'MUEFO', '796.00', '2312.00', '50.00', '3', '796.00', '2388.00', 1),
(250, 3, 3, 3, 3, 4, 3, '300833B2DDD9014000000100', 'NOT. HP Probook 640 G4 I7-8550U 8GB 1TB 14Inc HDMI  Win10-PRO64 Silver', 'W408LGI22', '0000-00-00', '0000-00-00', '0000-00-00', 'MUEFD', 'MUEFO', '510.00', '2438.00', '50.00', '4', '510.00', '2040.00', 1),
(251, 4, 1, 4, 4, 5, 7, '300833B2DDD9014000000101', 'NOT. HP X360 11-ab042LA Intel N3060 4GB 500GB 11.6Inc HDMI WC 3USB BAT-9HORAS W10-64', 'M560JFG32', '0000-00-00', '0000-00-00', '0000-00-00', 'MUEFD', 'MUEFO', '1549.00', '532.00', '50.00', '5', '1549.00', '7745.00', 1),
(252, 5, 2, 5, 5, 1, 6, '300833B2DDD901400000000102', 'Televisor EV-1100 55Inc LED Flat 4K2K Smart 2USB 3HDMI UHD 3840X2160', 'T723KFC70', '0000-00-00', '0000-00-00', '0000-00-00', 'MUEFD', 'MUEFO', '1047.00', '865.00', '50.00', '1', '1047.00', '1047.00', 1),
(253, 6, 3, 6, 6, 2, 9, '300833B2DDD901400000000103', 'Televisor SAMSUNG 49Inc UHD 4K HDR SmartThigns HDMI  Series 7', 'Y572YEA79', '0000-00-00', '0000-00-00', '0000-00-00', 'MUEFD', 'MUEFO', '973.00', '1168.00', '50.00', '2', '973.00', '1946.00', 1),
(254, 1, 1, 1, 1, 3, 4, '300833B2DDD901400000000104', 'Televisor SAMSUNG 55Inc QLED 4K ULTRA-HD 4-HDMI 2USB Sin-Marco Dolby-Digital Plus', 'D863PKV4', '0000-00-00', '0000-00-00', '0000-00-00', 'MUEFD', 'MUEFO', '555.00', '1746.00', '50.00', '3', '555.00', '1665.00', 1),
(255, 2, 2, 2, 2, 4, 5, '300833B2DDD901400000000105', 'Televisor SAMSUNG 55Inc UHD 4K HDR SmartThigns HDMI Series 7', 'G697FIC90', '0000-00-00', '0000-00-00', '0000-00-00', 'MUEFD', 'MUEFO', '1739.00', '2422.00', '50.00', '4', '1739.00', '6956.00', 1),
(256, 3, 3, 3, 3, 5, 6, '300833B2DDD901400000000106', 'Televisor SAMSUNG 58Inc UHD 4K HDR PureColor SmartThigns HDMI Series 7', 'L167QUS63', '0000-00-00', '0000-00-00', '0000-00-00', 'MUEFD', 'MUEFO', '1572.00', '1573.00', '50.00', '5', '1572.00', '7860.00', 1),
(257, 4, 1, 4, 4, 1, 10, '300833B2DDD901400000000107', 'Televisor SAMSUNG 75Inc UHD 4K HDR CleanCable SmartThings HDMI Series 7', 'O687URN92', '0000-00-00', '0000-00-00', '0000-00-00', 'MUEFD', 'MUEFO', '1881.00', '883.00', '50.00', '1', '1881.00', '1881.00', 1),
(258, 5, 2, 5, 5, 2, 11, '300833B2DDD901400000000108', 'TV LG 32Pulg. 32LM630BPSB HDR 2K LED BT ThinQ AI WIFI 3-HDMI 2-USB WEB-OS 4.0', 'S863DES79', '0000-00-00', '0000-00-00', '0000-00-00', 'MUEFD', 'MUEFO', '228.00', '1357.00', '50.00', '2', '228.00', '456.00', 1),
(259, 6, 3, 6, 6, 3, 12, '300833B2DDD901400000000109', 'TV LG 43Inch 43LM6300PSB SmartTV Full-HD WifiI HDMI 2USB BT WEB-OS', 'J538RBE68', '0000-00-00', '0000-00-00', '0000-00-00', 'MUEFD', 'MUEFO', '442.00', '111.00', '50.00', '3', '442.00', '1326.00', 1),
(260, 1, 1, 1, 1, 4, 1, '300833B2DDD901400000000110', 'TV LG 55Inc. 55B9PSB OLED Smart AI 4K Dolby Vision HDR 4XHDMI 2USB BT AI WebOs', 'H212GPD30', '0000-00-00', '0000-00-00', '0000-00-00', 'MUEFD', 'MUEFO', '542.00', '2473.00', '50.00', '4', '542.00', '2168.00', 1),
(261, 2, 2, 2, 2, 5, 6, '300833B2DDD901400000000111', 'TV LG 55Inch 55UM7470PSA Smart UHD 4K IPS HDR WIFI HDMI 2USB WEBOS 3.5', 'K363GSN9', '0000-00-00', '0000-00-00', '0000-00-00', 'MUEFD', 'MUEFO', '928.00', '486.00', '50.00', '5', '928.00', '4640.00', 1),
(262, 3, 3, 3, 3, 1, 3, '300833B2DDD901400000000112', 'TV LG 65Inc. 65CXPSA OLED PROC. A7 GEN. 3 4K AI WebOS 5.0 4HDMI 3USB LAN BT ', 'X159JKS56', '0000-00-00', '0000-00-00', '0000-00-00', 'MUEFD', 'MUEFO', '757.00', '1383.00', '50.00', '1', '757.00', '757.00', 1),
(263, 4, 1, 4, 4, 2, 7, '300833B2DDD901400000000113', 'TV LG 70Inc 70UM7370 4K Ultra HD Active HDR Smart 3HDMI 2USB LAN BT', 'Y833GFW61', '0000-00-00', '0000-00-00', '0000-00-00', 'MUEFD', 'MUEFO', '455.00', '1449.00', '50.00', '2', '455.00', '910.00', 1),
(264, 5, 2, 5, 5, 3, 6, '300833B2DDD901400000000114', 'TV LG 70Inc 70UN7310PSC 4K Active HDR ThinQ AI 3HDMI 2USB LAN BT', 'P484PCI85', '0000-00-00', '0000-00-00', '0000-00-00', 'MUEFD', 'MUEFO', '2276.00', '953.00', '50.00', '3', '2276.00', '6828.00', 1),
(265, 6, 3, 6, 6, 4, 9, '300833B2DDD901400000000115', 'TV LG 75Inc 75UN8000PSB 4K Active HDR ThinQ AI Proc. Quad Core WebOS 5.0 4HDMI 2USB LAN BT', 'P895VFY73', '0000-00-00', '0000-00-00', '0000-00-00', 'MUEFD', 'MUEFO', '1654.00', '1714.00', '50.00', '4', '1654.00', '6616.00', 1),
(266, 1, 1, 1, 1, 5, 4, '300833B2DDD901400000000116', 'TV LG 75UM7570 75Inc UHD 4K IPS HDR Wifi 4HDMI 2USB BT LAN WebOs', 'B143BMW2', '0000-00-00', '0000-00-00', '0000-00-00', 'MUEFD', 'MUEFO', '2259.00', '821.00', '50.00', '5', '2259.00', '11295.00', 1),
(267, 2, 2, 2, 2, 1, 5, '300833B2DDD901400000000117', 'TV LG 86Inc 86UN8000PSB 4K Active HDR ThinQ AI Proc. Quad Core WebOS 5.0 4HDMI 2USB LAN BT', 'N167GLU43', '0000-00-00', '0000-00-00', '0000-00-00', 'MUEFD', 'MUEFO', '2153.00', '1287.00', '50.00', '1', '2153.00', '2153.00', 1),
(268, 3, 3, 3, 3, 2, 6, '300833B2DDD901400000000118', 'TV SAMSUNG 58Inch TU8000 Crystal UHD 4K Smart LED Series 8 3HDMI 2USB BT WIFI5', 'D886XWZ39', '0000-00-00', '0000-00-00', '0000-00-00', 'MUEFD', 'MUEFO', '281.00', '258.00', '50.00', '2', '281.00', '562.00', 1),
(269, 4, 1, 4, 4, 3, 10, '300833B2DDD901400000000119', 'TV SAMSUNG 65Inch TU8000 Crystal UHD 4K Smart LED Series 8 3HDMI 2USB BT WIFI5', 'K255CJC47', '0000-00-00', '0000-00-00', '0000-00-00', 'MUEFD', 'MUEFO', '2156.00', '2338.00', '50.00', '3', '2156.00', '6468.00', 1),
(270, 5, 2, 5, 5, 4, 11, '300833B2DDD901400000000120', 'TV SAMSUNG 70Inch TU7000 Crystal UHD 4K Smart LED Series 7 2HDMI 1USB BT WIFI5', 'U606CSP98', '0000-00-00', '0000-00-00', '0000-00-00', 'MUEFD', 'MUEFO', '1692.00', '1100.00', '50.00', '4', '1692.00', '6768.00', 1),
(271, 6, 3, 6, 6, 5, 12, '300833B2DDD901400000000121', 'MONITOR SAMSUNG LC27R500FHL 27Inc. Curved FHD-1920X1080 HDMI VGA Black', 'T749AER45', '0000-00-00', '0000-00-00', '0000-00-00', 'MUEFD', 'MUEFO', '2110.00', '2233.00', '50.00', '5', '2110.00', '10550.00', 1),
(280, 2, 1, 1, 4, 2, 1, '300833B2DDD9014000000103', 'TELEVISIÓN PARA EL LABORATORIO DE ELECTRÓNICA', 'POR DEFINIR', '2020-08-01', '2020-08-01', '2020-08-01', 'FD', 'FO', '2.00', '12.00', '12.00', '2', '12.00', '12.00', 1),
(294, 6, 4, 7, 8, 6, 1, '300833B2DDD9014000000103', 'TELEVISIÓN PARA EL LABORATORIO DE ELECTRÓNICA', 'POR DEFINIR', '2020-08-29', '2020-08-29', '2020-08-29', 'No aplica', 'No aplica', '0.00', '0.00', '0.00', '0', '0.00', '0.00', 1),
(295, 6, 4, 7, 8, 6, 1, 'No aplica', 'No aplica', 'POR DEFINIR', '2020-08-29', '2020-08-29', '2020-08-29', 'No aplica', 'No aplica', '0.00', '0.00', '0.00', '0', '0.00', '0.00', 1),
(296, 6, 4, 7, 8, 6, 1, 'No aplica', 'No aplica', 'No aplica', '2020-08-29', '2020-08-29', '2020-08-29', 'No aplica', 'No aplica', '0.00', '0.00', '0.00', '0', '0.00', '0.00', 1),
(297, 6, 4, 7, 8, 6, 1, 'No aplica', 'No aplica', 'No aplica', '2020-08-29', '2020-08-29', '2020-08-29', 'No aplica', 'No aplica', '0.00', '0.00', '0.00', '0', '0.00', '0.00', 1),
(308, 6, 4, 7, 8, 6, 1, 'No aplica', 'No aplica', 'No aplica', '2020-08-29', '2020-08-29', '2020-08-29', 'No aplica', 'No aplica', '0.00', '0.00', '0.00', '0', '0.00', '0.00', 1),
(309, 6, 4, 7, 8, 6, 1, 'No aplica', 'No aplica', 'No aplica', '2020-08-29', '2020-08-29', '2020-08-29', 'No aplica', 'No aplica', '0.00', '0.00', '0.00', '0', '0.00', '0.00', 1);

-- --------------------------------------------------------

--
-- Estructura de tabla para la tabla `tipomueble`
--

CREATE TABLE `tipomueble` (
  `TMID` int(11) NOT NULL,
  `TMNOMBRE` mediumtext NOT NULL,
  `TMDESCRIPCION` mediumtext NOT NULL,
  `TMESTADO` smallint(6) NOT NULL
) ENGINE=InnoDB DEFAULT CHARSET=latin1;

--
-- Volcado de datos para la tabla `tipomueble`
--

INSERT INTO `tipomueble` (`TMID`, `TMNOMBRE`, `TMDESCRIPCION`, `TMESTADO`) VALUES
(1, 'Electrónico', 'Descripción Tipo de Mueble', 1),
(2, 'Magnético', 'Descripción Tipo de Mueble', 1),
(3, 'Material Didáctico', 'Descripción Tipo de Mueble', 1),
(4, 'No aplica', 'Esta opción aplica para los bienes que no necesitan de esta característica.', 1);

-- --------------------------------------------------------

--
-- Estructura de tabla para la tabla `ubicacion`
--

CREATE TABLE `ubicacion` (
  `UBIID` int(11) NOT NULL,
  `ADID` int(11) DEFAULT NULL,
  `UBINOMBRE` mediumtext NOT NULL,
  `UBIESTADO` smallint(6) NOT NULL
) ENGINE=InnoDB DEFAULT CHARSET=latin1;

--
-- Volcado de datos para la tabla `ubicacion`
--

INSERT INTO `ubicacion` (`UBIID`, `ADID`, `UBINOMBRE`, `UBIESTADO`) VALUES
(1, 1, '1ro. de Bachillerato de Electrónica A', 1),
(2, 1, '2ro. de Bachillerato de Electrónica A', 1),
(3, 1, '3ro. de Bachillerato de Electrónica A', 1),
(4, 5, '1ro. de Bachillerato B', 1),
(5, 5, '2ro. de Bachillerato B', 1),
(6, 5, '3ro. de Bachillerato B', 1),
(7, 3, 'Cuarto A', 1),
(8, 3, 'Cuarto B', 1),
(9, 3, 'Cuarto C', 0),
(10, 4, 'Octavo A', 1),
(14, 5, '1ro. de Bachillerato B', 1),
(21, 4, 'Octavo B', 1),
(22, 4, 'Octavo C', 0);

-- --------------------------------------------------------

--
-- Estructura de tabla para la tabla `usuario`
--

CREATE TABLE `usuario` (
  `USUID` int(11) NOT NULL,
  `USUNOMBRES` mediumtext NOT NULL,
  `USUAPELLIDOS` mediumtext NOT NULL,
  `USUEMAIL` mediumtext NOT NULL,
  `USUCONTRASENIA` mediumtext NOT NULL,
  `USUAUTHKEY` mediumtext NOT NULL,
  `USUACCESOTOKEN` mediumtext NOT NULL,
  `USUESTADO` smallint(6) NOT NULL,
  `ROLE` decimal(10,0) DEFAULT NULL
) ENGINE=InnoDB DEFAULT CHARSET=latin1;

--
-- Volcado de datos para la tabla `usuario`
--

INSERT INTO `usuario` (`USUID`, `USUNOMBRES`, `USUAPELLIDOS`, `USUEMAIL`, `USUCONTRASENIA`, `USUAUTHKEY`, `USUACCESOTOKEN`, `USUESTADO`, `ROLE`) VALUES
(1, 'Juan', 'Moran', 'jm@gmail.com', 'jm@gmail.com', 'Pendiente', 'Pendiente', 1, '1'),
(2, 'Paola', 'Pérez', 'pp@gmail.com', 'pp@gmail.com', 'Pendiente', 'Pendiente', 1, '1'),
(3, 'Lalo', 'Cabrera', 'lc@gmail.com', 'lc@gmail.com', 'Pendiente', 'Pendiente', 1, '2'),
(4, 'Marcelo', 'Juarez', 'mj@gmail.com', 'mj@gmail.com', 'Pendiente', 'Pendiente', 1, '0');

-- --------------------------------------------------------

--
-- Estructura de tabla para la tabla `usuxubi`
--

CREATE TABLE `usuxubi` (
  `USUXUBIID` int(11) NOT NULL,
  `UBIID` int(11) DEFAULT NULL,
  `USUID` int(11) DEFAULT NULL,
  `USUXUBIESTADO` smallint(6) NOT NULL
) ENGINE=InnoDB DEFAULT CHARSET=latin1;

--
-- Volcado de datos para la tabla `usuxubi`
--

INSERT INTO `usuxubi` (`USUXUBIID`, `UBIID`, `USUID`, `USUXUBIESTADO`) VALUES
(1, 1, 1, 1),
(3, 3, 3, 1),
(4, 7, 1, 1),
(5, 8, 3, 1),
(6, 9, 2, 1),
(7, 1, 2, 1),
(9, 3, 4, 1),
(10, 7, 2, 1),
(11, 8, 4, 1),
(12, 9, 1, 1);

--
-- Índices para tablas volcadas
--

--
-- Indices de la tabla `areadependencia`
--
ALTER TABLE `areadependencia`
  ADD PRIMARY KEY (`ADID`),
  ADD UNIQUE KEY `AREADEPENDENCIA_PK` (`ADID`);

--
-- Indices de la tabla `color`
--
ALTER TABLE `color`
  ADD PRIMARY KEY (`COLID`),
  ADD UNIQUE KEY `COLOR_PK` (`COLID`);

--
-- Indices de la tabla `cuentacontable`
--
ALTER TABLE `cuentacontable`
  ADD PRIMARY KEY (`CCID`),
  ADD UNIQUE KEY `CUENTACONTABLE_PK` (`CCID`);

--
-- Indices de la tabla `documentoinventario`
--
ALTER TABLE `documentoinventario`
  ADD PRIMARY KEY (`DIID`),
  ADD UNIQUE KEY `DOCUMENTOINVENTARIO_PK` (`DIID`);

--
-- Indices de la tabla `equipoinventariado`
--
ALTER TABLE `equipoinventariado`
  ADD PRIMARY KEY (`EIID`),
  ADD UNIQUE KEY `EQUIPOINVENTARIADO_PK` (`EIID`),
  ADD KEY `RELATIONSHIP_11_FK` (`DIID`);

--
-- Indices de la tabla `estado`
--
ALTER TABLE `estado`
  ADD PRIMARY KEY (`ESTID`),
  ADD UNIQUE KEY `ESTADO_PK` (`ESTID`);

--
-- Indices de la tabla `inventario`
--
ALTER TABLE `inventario`
  ADD PRIMARY KEY (`INDID`),
  ADD UNIQUE KEY `INVENTARIO_PK` (`INDID`),
  ADD KEY `RELATIONSHIP_8_FK` (`MUEID`);

--
-- Indices de la tabla `marca`
--
ALTER TABLE `marca`
  ADD PRIMARY KEY (`MARID`),
  ADD UNIQUE KEY `MARCA_PK` (`MARID`);

--
-- Indices de la tabla `mueble`
--
ALTER TABLE `mueble`
  ADD PRIMARY KEY (`MUEID`),
  ADD UNIQUE KEY `MUEBLE_PK` (`MUEID`),
  ADD KEY `RELATIONSHIP_1_FK` (`TMID`),
  ADD KEY `RELATIONSHIP_2_FK` (`CCID`),
  ADD KEY `RELATIONSHIP_3_FK` (`COLID`),
  ADD KEY `RELATIONSHIP_4_FK` (`MARID`),
  ADD KEY `RELATIONSHIP_5_FK` (`ESTID`),
  ADD KEY `RELATIONSHIP_13_FK` (`USUXUBIID`);

--
-- Indices de la tabla `tipomueble`
--
ALTER TABLE `tipomueble`
  ADD PRIMARY KEY (`TMID`),
  ADD UNIQUE KEY `TIPOMUEBLE_PK` (`TMID`);

--
-- Indices de la tabla `ubicacion`
--
ALTER TABLE `ubicacion`
  ADD PRIMARY KEY (`UBIID`),
  ADD UNIQUE KEY `UBICACION_PK` (`UBIID`),
  ADD KEY `RELATIONSHIP_9_FK` (`ADID`);

--
-- Indices de la tabla `usuario`
--
ALTER TABLE `usuario`
  ADD PRIMARY KEY (`USUID`),
  ADD UNIQUE KEY `USUARIO_PK` (`USUID`);

--
-- Indices de la tabla `usuxubi`
--
ALTER TABLE `usuxubi`
  ADD PRIMARY KEY (`USUXUBIID`),
  ADD UNIQUE KEY `USUXUBI_PK` (`USUXUBIID`),
  ADD KEY `RELATIONSHIP_10_FK` (`USUID`),
  ADD KEY `RELATIONSHIP_12_FK` (`UBIID`);

--
-- AUTO_INCREMENT de las tablas volcadas
--

--
-- AUTO_INCREMENT de la tabla `areadependencia`
--
ALTER TABLE `areadependencia`
  MODIFY `ADID` int(11) NOT NULL AUTO_INCREMENT, AUTO_INCREMENT=6;

--
-- AUTO_INCREMENT de la tabla `color`
--
ALTER TABLE `color`
  MODIFY `COLID` int(11) NOT NULL AUTO_INCREMENT, AUTO_INCREMENT=7;

--
-- AUTO_INCREMENT de la tabla `cuentacontable`
--
ALTER TABLE `cuentacontable`
  MODIFY `CCID` int(11) NOT NULL AUTO_INCREMENT, AUTO_INCREMENT=8;

--
-- AUTO_INCREMENT de la tabla `documentoinventario`
--
ALTER TABLE `documentoinventario`
  MODIFY `DIID` int(11) NOT NULL AUTO_INCREMENT;

--
-- AUTO_INCREMENT de la tabla `equipoinventariado`
--
ALTER TABLE `equipoinventariado`
  MODIFY `EIID` int(11) NOT NULL AUTO_INCREMENT;

--
-- AUTO_INCREMENT de la tabla `estado`
--
ALTER TABLE `estado`
  MODIFY `ESTID` int(11) NOT NULL AUTO_INCREMENT, AUTO_INCREMENT=8;

--
-- AUTO_INCREMENT de la tabla `inventario`
--
ALTER TABLE `inventario`
  MODIFY `INDID` int(11) NOT NULL AUTO_INCREMENT;

--
-- AUTO_INCREMENT de la tabla `marca`
--
ALTER TABLE `marca`
  MODIFY `MARID` int(11) NOT NULL AUTO_INCREMENT, AUTO_INCREMENT=9;

--
-- AUTO_INCREMENT de la tabla `mueble`
--
ALTER TABLE `mueble`
  MODIFY `MUEID` int(11) NOT NULL AUTO_INCREMENT, AUTO_INCREMENT=310;

--
-- AUTO_INCREMENT de la tabla `tipomueble`
--
ALTER TABLE `tipomueble`
  MODIFY `TMID` int(11) NOT NULL AUTO_INCREMENT, AUTO_INCREMENT=5;

--
-- AUTO_INCREMENT de la tabla `ubicacion`
--
ALTER TABLE `ubicacion`
  MODIFY `UBIID` int(11) NOT NULL AUTO_INCREMENT, AUTO_INCREMENT=25;

--
-- AUTO_INCREMENT de la tabla `usuario`
--
ALTER TABLE `usuario`
  MODIFY `USUID` int(11) NOT NULL AUTO_INCREMENT, AUTO_INCREMENT=5;

--
-- AUTO_INCREMENT de la tabla `usuxubi`
--
ALTER TABLE `usuxubi`
  MODIFY `USUXUBIID` int(11) NOT NULL AUTO_INCREMENT, AUTO_INCREMENT=13;

--
-- Restricciones para tablas volcadas
--

--
-- Filtros para la tabla `equipoinventariado`
--
ALTER TABLE `equipoinventariado`
  ADD CONSTRAINT `FK_EQUIPOIN_RELATIONS_DOCUMENT` FOREIGN KEY (`DIID`) REFERENCES `documentoinventario` (`DIID`);

--
-- Filtros para la tabla `inventario`
--
ALTER TABLE `inventario`
  ADD CONSTRAINT `FK_INVENTAR_RELATIONS_MUEBLE` FOREIGN KEY (`MUEID`) REFERENCES `mueble` (`MUEID`);

--
-- Filtros para la tabla `mueble`
--
ALTER TABLE `mueble`
  ADD CONSTRAINT `FK_MUEBLE_RELATIONS_COLOR` FOREIGN KEY (`COLID`) REFERENCES `color` (`COLID`),
  ADD CONSTRAINT `FK_MUEBLE_RELATIONS_CUENTACO` FOREIGN KEY (`CCID`) REFERENCES `cuentacontable` (`CCID`),
  ADD CONSTRAINT `FK_MUEBLE_RELATIONS_ESTADO` FOREIGN KEY (`ESTID`) REFERENCES `estado` (`ESTID`),
  ADD CONSTRAINT `FK_MUEBLE_RELATIONS_MARCA` FOREIGN KEY (`MARID`) REFERENCES `marca` (`MARID`),
  ADD CONSTRAINT `FK_MUEBLE_RELATIONS_TIPOMUEB` FOREIGN KEY (`TMID`) REFERENCES `tipomueble` (`TMID`),
  ADD CONSTRAINT `FK_MUEBLE_RELATIONS_USUXUBI` FOREIGN KEY (`USUXUBIID`) REFERENCES `usuxubi` (`USUXUBIID`);

--
-- Filtros para la tabla `ubicacion`
--
ALTER TABLE `ubicacion`
  ADD CONSTRAINT `FK_UBICACIO_RELATIONS_AREADEPE` FOREIGN KEY (`ADID`) REFERENCES `areadependencia` (`ADID`);

--
-- Filtros para la tabla `usuxubi`
--
ALTER TABLE `usuxubi`
  ADD CONSTRAINT `FK_USUXUBI_RELATIONS_UBICACIO` FOREIGN KEY (`UBIID`) REFERENCES `ubicacion` (`UBIID`),
  ADD CONSTRAINT `FK_USUXUBI_RELATIONS_USUARIO` FOREIGN KEY (`USUID`) REFERENCES `usuario` (`USUID`);
COMMIT;

/*!40101 SET CHARACTER_SET_CLIENT=@OLD_CHARACTER_SET_CLIENT */;
/*!40101 SET CHARACTER_SET_RESULTS=@OLD_CHARACTER_SET_RESULTS */;
/*!40101 SET COLLATION_CONNECTION=@OLD_COLLATION_CONNECTION */;
